runid,num_q,num_ret,num_rel,num_rel_ret,map,gm_map,Rprec,bpref,recip_rank,iprec_at_recall_0.00,iprec_at_recall_0.10,iprec_at_recall_0.20,iprec_at_recall_0.30,iprec_at_recall_0.40,iprec_at_recall_0.50,iprec_at_recall_0.60,iprec_at_recall_0.70,iprec_at_recall_0.80,iprec_at_recall_0.90,iprec_at_recall_1.00,P_5,P_10,P_15,P_20,P_30,P_100,P_200,P_500,P_1000,relstring,recall_5,recall_10,recall_15,recall_20,recall_30,recall_100,recall_200,recall_500,recall_1000,infAP,gm_bpref,Rprec_mult_0.20,Rprec_mult_0.40,Rprec_mult_0.60,Rprec_mult_0.80,Rprec_mult_1.00,Rprec_mult_1.20,Rprec_mult_1.40,Rprec_mult_1.60,Rprec_mult_1.80,Rprec_mult_2.00,utility,11pt_avg,binG,G,ndcg,ndcg_rel,Rndcg,ndcg_cut_5,ndcg_cut_10,ndcg_cut_15,ndcg_cut_20,ndcg_cut_30,ndcg_cut_100,ndcg_cut_200,ndcg_cut_500,ndcg_cut_1000,map_cut_5,map_cut_10,map_cut_15,map_cut_20,map_cut_30,map_cut_100,map_cut_200,map_cut_500,map_cut_1000,relative_P_5,relative_P_10,relative_P_15,relative_P_20,relative_P_30,relative_P_100,relative_P_200,relative_P_500,relative_P_1000,success_1,success_5,success_10,set_P,set_relative_P,set_recall,set_map,set_F,num_nonrel_judged_ret,path,model_name,shortname,epoch
EPOCH 016,1.0,10646.0,248.0,248.0,0.37539600980786697,-0.9797737840607872,0.43951612903225806,0.3691629812695108,1.0,1.0,0.65,0.5604395604395604,0.4772727272727273,0.46296296296296297,0.3961661341853035,0.3170212765957447,0.22109275730622618,0.15082956259426847,0.09157808667211774,0.02439744220363994,0.8,0.7,0.7333333333333333,0.7,0.6666666666666666,0.54,0.465,0.3,0.181,0.0,0.016129032258064516,0.028225806451612902,0.04435483870967742,0.056451612903225805,0.08064516129032258,0.21774193548387097,0.375,0.6048387096774194,0.7298387096774194,0.37539594516741465,-0.9965170487979131,0.64,0.54,0.4899328859060403,0.4623115577889447,0.43951612903225806,0.40604026845637586,0.3735632183908046,0.34760705289672544,0.32662192393736017,0.3024193548387097,-10150.0,0.3956145918393229,0.16524385453766385,0.16524385453766385,0.8308747886404964,0.6481618630497926,0.6569194395084637,0.8687949224876582,0.77523873680463,0.7781808754021154,0.749549569946248,0.7166652865174531,0.5896944363160963,0.5093975726936626,0.6019043639498282,0.6824344547545733,0.016129032258064516,0.025336021505376345,0.0366529304029304,0.04573175293364048,0.06310990290558427,0.14663581865075168,0.22290943919497963,0.3148169119759788,0.34566488980265075,0.8,0.7,0.7333333333333333,0.7,0.6666666666666666,0.54,0.465,0.6048387096774194,0.7298387096774194,1.0,1.0,1.0,0.02329513432275033,1.0,1.0,0.02329513432275033,0.0455296493482651,10398.0,../models/Easy_Albert_Base_V2/eval.016.json,Easy_Albert_Base_V2,Easy_Albert_Base_V2,16.0
EPOCH 012,1.0,10646.0,248.0,248.0,0.3586065553328803,-1.0255294376299442,0.4032258064516129,0.3520096253902186,1.0,1.0,0.7368421052631579,0.6,0.528169014084507,0.42016806722689076,0.34153005464480873,0.2435064935064935,0.16634799235181644,0.10252447192168986,0.06787878787878789,0.030108049046983124,0.8,0.8,0.7333333333333333,0.65,0.7,0.6,0.455,0.276,0.171,0.0,0.016129032258064516,0.03225806451612903,0.04435483870967742,0.05241935483870968,0.0846774193548387,0.24193548387096775,0.36693548387096775,0.5564516129032258,0.6895161290322581,0.358606482895205,-1.0440967588993284,0.66,0.6,0.5100671140939598,0.457286432160804,0.4032258064516129,0.3691275167785235,0.3390804597701149,0.3224181360201511,0.2930648769574944,0.2782258064516129,-10150.0,0.3851886396295578,0.16615812902197624,0.16615812902197624,0.822964748496757,0.6577967606603875,0.6415912379990757,0.8687949224876582,0.8512360941594274,0.7909868627411272,0.7243088117974985,0.7428898915094737,0.6389492765705896,0.5081826456169646,0.5700788512238008,0.6554575952420232,0.016129032258064516,0.030057923707117254,0.03868666056166055,0.043995800346606787,0.06652364468960201,0.16667000268368323,0.23170978570098316,0.3001259069233035,0.33001072475740756,0.8,0.8,0.7333333333333333,0.65,0.7,0.6,0.455,0.5564516129032258,0.6895161290322581,1.0,1.0,1.0,0.02329513432275033,1.0,1.0,0.02329513432275033,0.0455296493482651,10398.0,../models/Easy_Albert_Base_V2/eval.012.json,Easy_Albert_Base_V2,Easy_Albert_Base_V2,12.0
EPOCH 006,1.0,10646.0,248.0,248.0,0.522737407456342,-0.6486760299997099,0.5564516129032258,0.5208441727367323,1.0,1.0,0.7631578947368421,0.7625,0.7075471698113207,0.660377358490566,0.6262626262626263,0.5265017667844523,0.375,0.25285895806861497,0.1471747700394218,0.029142185663924795,1.0,0.8,0.7333333333333333,0.75,0.8,0.72,0.62,0.35,0.204,0.0,0.020161290322580645,0.03225806451612903,0.04435483870967742,0.06048387096774194,0.0967741935483871,0.2903225806451613,0.5,0.7056451612903226,0.8225806451612904,0.5227373093180916,-0.6523043746017235,0.72,0.72,0.6577181208053692,0.6231155778894473,0.5564516129032258,0.5067114093959731,0.46264367816091956,0.4156171284634761,0.38478747203579416,0.3528225806451613,-10150.0,0.5318657027143426,0.19352963263186987,0.19352963263186987,0.8821820472138255,0.7474467313033558,0.7414801126177564,1.0,0.857980942822373,0.7996681037408223,0.7984642879753954,0.8224236524851087,0.7447739650839977,0.655166835000842,0.7086958297231355,0.784234091438478,0.020161290322580645,0.03072996671786994,0.04002410000393872,0.05177791726372321,0.08038847145176083,0.22433910166975965,0.36271582183918516,0.46733261340477067,0.5010112610229565,1.0,0.8,0.7333333333333333,0.75,0.8,0.72,0.62,0.7056451612903226,0.8225806451612904,1.0,1.0,1.0,0.02329513432275033,1.0,1.0,0.02329513432275033,0.0455296493482651,10398.0,../models/Easy_Albert_Base_V2/eval.006.json,Easy_Albert_Base_V2,Easy_Albert_Base_V2,6.0
EPOCH 002,1.0,10646.0,248.0,248.0,0.42748477847759,-0.8498365971396016,0.47580645161290325,0.42489919354838696,0.25,0.7428571428571429,0.7428571428571429,0.6753246753246753,0.5833333333333334,0.5208333333333334,0.4664179104477612,0.40591397849462363,0.2827140549273021,0.20326864147088866,0.13797313797313798,0.02485218959815613,0.4,0.5,0.6666666666666666,0.7,0.7,0.65,0.51,0.332,0.201,0.0,0.008064516129032258,0.020161290322580645,0.04032258064516129,0.056451612903225805,0.0846774193548387,0.2620967741935484,0.4112903225806452,0.6693548387096774,0.8104838709677419,0.427484773745664,-0.855903329842963,0.7,0.65,0.5570469798657718,0.5125628140703518,0.47580645161290325,0.436241610738255,0.4166666666666667,0.38287153652392947,0.3512304250559284,0.3346774193548387,-10150.0,0.43512232187431793,0.16339407611808165,0.16339407611808165,0.8261184036535084,0.6219165219497288,0.6592991464580746,0.27727342735504823,0.3979478965435962,0.5333054004638488,0.5780177389728963,0.6067548021167359,0.6213169912518706,0.5207052388113236,0.6312968160295536,0.7212069486501343,0.002620967741935484,0.009181387608806964,0.02149467915596948,0.032694650443295954,0.05281959393780466,0.17434307679345173,0.25753303485392065,0.36796078719512915,0.4038735610240491,0.4,0.5,0.6666666666666666,0.7,0.7,0.65,0.51,0.6693548387096774,0.8104838709677419,0.0,1.0,1.0,0.02329513432275033,1.0,1.0,0.02329513432275033,0.0455296493482651,10398.0,../models/Easy_Albert_Base_V2/eval.002.json,Easy_Albert_Base_V2,Easy_Albert_Base_V2,2.0
EPOCH 007,1.0,10646.0,248.0,248.0,0.5068791581231923,-0.6794826506971464,0.49193548387096775,0.45549882934443287,1.0,1.0,0.8787878787878788,0.7971014492753623,0.7358490566037735,0.6047904191616766,0.47692307692307695,0.38961038961038963,0.3346153846153846,0.2660427807486631,0.15426997245179064,0.023747965144115677,1.0,0.8,0.8,0.8,0.8666666666666667,0.73,0.54,0.344,0.211,0.0,0.020161290322580645,0.03225806451612903,0.04838709677419355,0.06451612903225806,0.10483870967741936,0.29435483870967744,0.43548387096774194,0.6935483870967742,0.8508064516129032,0.5068790511780716,-0.7863621323305795,0.84,0.73,0.6308724832214765,0.542713567839196,0.49193548387096775,0.4429530201342282,0.4051724137931034,0.38287153652392947,0.3691275167785235,0.3467741935483871,-10150.0,0.5147034884838283,0.2000844625080012,0.2000844625080012,0.8803006976646756,0.7491035131853142,0.7169685462808071,1.0,0.8572048559638628,0.8417188066491583,0.8347861180799135,0.8730404649781811,0.7629447990824448,0.6000724412786391,0.6973700105385757,0.7983317882589591,0.020161290322580645,0.030555555555555555,0.04307549529323724,0.05608155616410511,0.08999691949028722,0.24197292591223887,0.33426096800757016,0.4449412821268761,0.48888346747469136,1.0,0.8,0.8,0.8,0.8666666666666667,0.73,0.54,0.6935483870967742,0.8508064516129032,1.0,1.0,1.0,0.02329513432275033,1.0,1.0,0.02329513432275033,0.0455296493482651,10398.0,../models/Easy_Albert_Base_V2/eval.007.json,Easy_Albert_Base_V2,Easy_Albert_Base_V2,7.0
EPOCH 003,1.0,10646.0,248.0,248.0,0.3555276369379667,-1.034152291725451,0.3951612903225806,0.3320759625390219,1.0,1.0,0.5760869565217391,0.5760869565217391,0.45454545454545453,0.39299610894941633,0.31666666666666665,0.30864197530864196,0.19572553430821146,0.1457725947521866,0.10421491431218156,0.027687841911354247,1.0,0.7,0.8,0.75,0.6333333333333333,0.55,0.43,0.306,0.181,0.0,0.020161290322580645,0.028225806451612902,0.04838709677419355,0.06048387096774194,0.07661290322580645,0.2217741935483871,0.3467741935483871,0.6169354838709677,0.7298387096774194,0.3555275643803628,-1.1023915334086445,0.52,0.55,0.47651006711409394,0.4321608040201005,0.3951612903225806,0.3691275167785235,0.3390804597701149,0.3148614609571788,0.31096196868008946,0.3084677419354839,-10150.0,0.37258409125432657,0.16657123754452688,0.16657123754452688,0.825708655321785,0.638498001616854,0.6364196641125798,1.0,0.793584067764911,0.8399919205010935,0.800483435181263,0.7092081425253148,0.5948953033147233,0.4817501464392525,0.6041859334089847,0.6761768199331862,0.020161290322580645,0.027329749103942653,0.04278224016127243,0.05240332649903334,0.06413640895236052,0.1431563243310842,0.2039584740796986,0.2982363055858492,0.3245942322002772,1.0,0.7,0.8,0.75,0.6333333333333333,0.55,0.43,0.6169354838709677,0.7298387096774194,1.0,1.0,1.0,0.02329513432275033,1.0,1.0,0.02329513432275033,0.0455296493482651,10398.0,../models/Easy_Albert_Base_V2/eval.003.json,Easy_Albert_Base_V2,Easy_Albert_Base_V2,3.0
EPOCH 017,1.0,10646.0,248.0,248.0,0.27913184576102246,-1.276071043332966,0.31451612903225806,0.2684703433922995,0.5,0.875,0.6041666666666666,0.5192307692307693,0.3407079646017699,0.27548209366391185,0.20735785953177258,0.17801672640382318,0.12636165577342048,0.10204081632653061,0.050325769490002246,0.024561751015153017,0.8,0.7,0.7333333333333333,0.75,0.5666666666666667,0.51,0.355,0.222,0.159,0.0,0.016129032258064516,0.028225806451612902,0.04435483870967742,0.06048387096774194,0.06854838709677419,0.2056451612903226,0.2862903225806452,0.4475806451612903,0.6411290322580645,0.2791318379481745,-1.3150148240486756,0.6,0.51,0.4228187919463087,0.35678391959798994,0.31451612903225806,0.29194630872483224,0.28160919540229884,0.25440806045340053,0.23937360178970918,0.22379032258064516,-10150.0,0.3002956429730745,0.14920816866398987,0.14920816866398987,0.775983890929001,0.5769957665350899,0.56998148590489,0.6608397947263839,0.6500332220485792,0.686062860863165,0.706294567407688,0.5892646910384801,0.5343015751320458,0.4024047543165772,0.4597525456180233,0.5834394351884016,0.010954301075268817,0.021298963133640554,0.03352564773935742,0.04595289509557212,0.05131003795271497,0.1277795004178681,0.1643589147605124,0.21090856733879257,0.24759981291561511,0.8,0.7,0.7333333333333333,0.75,0.5666666666666667,0.51,0.355,0.4475806451612903,0.6411290322580645,0.0,1.0,1.0,0.02329513432275033,1.0,1.0,0.02329513432275033,0.0455296493482651,10398.0,../models/Easy_Albert_Base_V2/eval.017.json,Easy_Albert_Base_V2,Easy_Albert_Base_V2,17.0
EPOCH 013,1.0,10646.0,248.0,248.0,0.42018307135890665,-0.8670647784867664,0.45161290322580644,0.40397372528616055,1.0,1.0,0.7575757575757576,0.7352941176470589,0.608,0.5076142131979695,0.4189189189189189,0.3401826484018265,0.2454160789844852,0.14514952589350838,0.08569242540168324,0.023560706821204636,0.8,0.8,0.6666666666666666,0.7,0.7666666666666667,0.64,0.5,0.308,0.183,0.0,0.016129032258064516,0.03225806451612903,0.04032258064516129,0.056451612903225805,0.09274193548387097,0.25806451612903225,0.4032258064516129,0.6209677419354839,0.7379032258064516,0.42018299248598384,-0.9064054395563413,0.72,0.64,0.5503355704697986,0.5025125628140703,0.45161290322580644,0.4161073825503356,0.3850574712643678,0.35516372795969775,0.33557046979865773,0.31048387096774194,-10150.0,0.44249130844021933,0.17548323198707397,0.17548323198707397,0.847057994871103,0.6915324971622864,0.6765408133868172,0.8687949224876582,0.8454256604216017,0.744108660665318,0.7546203717672235,0.7869601050823913,0.677263826816631,0.551184185446309,0.6276630098222089,0.7032579978710499,0.016129032258064516,0.029307475678443416,0.03501984126984126,0.0465216424005935,0.07294342069453046,0.19116751175482785,0.27293587550717985,0.36142061501224837,0.39147327061404436,0.8,0.8,0.6666666666666666,0.7,0.7666666666666667,0.64,0.5,0.6209677419354839,0.7379032258064516,1.0,1.0,1.0,0.02329513432275033,1.0,1.0,0.02329513432275033,0.0455296493482651,10398.0,../models/Easy_Albert_Base_V2/eval.013.json,Easy_Albert_Base_V2,Easy_Albert_Base_V2,13.0
EPOCH 005,1.0,10646.0,248.0,248.0,0.5043257100233862,-0.6845329695940056,0.5080645161290323,0.476391779396462,1.0,1.0,0.8529411764705882,0.75,0.65,0.569060773480663,0.5344827586206896,0.45426829268292684,0.36401673640167365,0.20903361344537816,0.14186633039092056,0.026385785721885307,1.0,1.0,0.8666666666666667,0.9,0.8333333333333334,0.67,0.54,0.352,0.203,0.0,0.020161290322580645,0.04032258064516129,0.05241935483870968,0.07258064516129033,0.10080645161290322,0.2701612903225806,0.43548387096774194,0.7096774193548387,0.8185483870967742,0.5043255894735206,-0.7415146973248057,0.78,0.67,0.6040268456375839,0.5376884422110553,0.5080645161290323,0.47651006711409394,0.4482758620689655,0.4080604534005038,0.378076062639821,0.3548387096774194,-10150.0,0.5047323152013387,0.21056161328809728,0.21056161328809728,0.8821316666669058,0.7467505838268853,0.7241051521608523,1.0,1.0,0.911520769621127,0.9263369616450166,0.8738967943884284,0.723828394417281,0.5994584006406485,0.7112435610869969,0.7807722852358916,0.020161290322580645,0.04032258064516129,0.05188172043010753,0.06978889249531166,0.09417509431824873,0.22272665144533765,0.32275969876944294,0.45148713155951015,0.4807084902651855,1.0,1.0,0.8666666666666667,0.9,0.8333333333333334,0.67,0.54,0.7096774193548387,0.8185483870967742,1.0,1.0,1.0,0.02329513432275033,1.0,1.0,0.02329513432275033,0.0455296493482651,10398.0,../models/Easy_Albert_Base_V2/eval.005.json,Easy_Albert_Base_V2,Easy_Albert_Base_V2,5.0
EPOCH 001,1.0,10646.0,248.0,248.0,0.3662574373187536,-1.0044188121846729,0.40725806451612906,0.35088774713839754,0.3333333333333333,0.7222222222222222,0.660377358490566,0.5360824742268041,0.475,0.4105691056910569,0.3862928348909657,0.33406113537117904,0.27884615384615385,0.1796028880866426,0.1318422601530312,0.03019235451667884,0.2,0.5,0.6666666666666666,0.7,0.6666666666666666,0.52,0.43,0.318,0.194,0.0,0.004032258064516129,0.020161290322580645,0.04032258064516129,0.056451612903225805,0.08064516129032258,0.20967741935483872,0.3467741935483871,0.6411290322580645,0.782258064516129,0.3662574492413306,-1.0472889153885006,0.64,0.52,0.48322147651006714,0.4321608040201005,0.40725806451612906,0.3926174496644295,0.3735632183908046,0.34760705289672544,0.33109619686800895,0.32056451612903225,-10150.0,0.37682625340866366,0.1524541224330809,0.1524541224330809,0.8039643394716585,0.5748939167469089,0.6141881706015905,0.16958010263680806,0.3827160388385181,0.5214980740031452,0.5687601161707874,0.5748316272955752,0.5120854158143356,0.44409164912941745,0.591832721755515,0.6826040672510332,0.0013440860215053762,0.007816500256016386,0.020129791803178903,0.03148303605787003,0.04766443667269908,0.12530879249081725,0.19072869541269447,0.3022294168389365,0.3390616824579574,0.2,0.5,0.6666666666666666,0.7,0.6666666666666666,0.52,0.43,0.6411290322580645,0.782258064516129,0.0,1.0,1.0,0.02329513432275033,1.0,1.0,0.02329513432275033,0.0455296493482651,10398.0,../models/Easy_Albert_Base_V2/eval.001.json,Easy_Albert_Base_V2,Easy_Albert_Base_V2,1.0
EPOCH 019,1.0,10646.0,248.0,248.0,0.4019459408473792,-0.911437674909789,0.4637096774193548,0.3984131113423519,0.5,0.7407407407407407,0.6842105263157895,0.5882352941176471,0.5570469798657718,0.4784688995215311,0.4509090909090909,0.36519607843137253,0.2701863354037267,0.1837488457987073,0.11510791366906475,0.024077669902912623,0.6,0.5,0.6,0.7,0.7,0.55,0.48,0.326,0.196,0.0,0.012096774193548387,0.020161290322580645,0.036290322580645164,0.056451612903225805,0.0846774193548387,0.2217741935483871,0.3870967741935484,0.657258064516129,0.7903225806451613,0.40194594785199533,-0.9202658438173527,0.64,0.55,0.5570469798657718,0.4824120603015075,0.4637096774193548,0.4228187919463087,0.3936781609195402,0.36523929471032746,0.35570469798657717,0.3286290322580645,-10150.0,0.4052662158796687,0.1597061074741796,0.1597061074741796,0.8243322978530062,0.6178778885066163,0.6544205224365676,0.5147714448836774,0.4710361549625273,0.5473091482487888,0.6231139959885762,0.6414026852038741,0.5567508912363247,0.5001580858235173,0.6230291154726527,0.7083557521036709,0.007123655913978494,0.011443932411674346,0.02106905191582611,0.034467987466277196,0.054635130980829665,0.14061363109557753,0.22978278279545764,0.3423759069785498,0.37698453158531176,0.6,0.5,0.6,0.7,0.7,0.55,0.48,0.657258064516129,0.7903225806451613,0.0,1.0,1.0,0.02329513432275033,1.0,1.0,0.02329513432275033,0.0455296493482651,10398.0,../models/Easy_Albert_Base_V2/eval.019.json,Easy_Albert_Base_V2,Easy_Albert_Base_V2,19.0
EPOCH 015,1.0,10646.0,248.0,248.0,0.37050183154683675,-0.9928968908119612,0.4435483870967742,0.38215400624349627,0.5,0.75,0.6310679611650486,0.6310679611650486,0.5714285714285714,0.4577777777777778,0.3987138263665595,0.29158512720156554,0.1749502982107356,0.13705234159779614,0.08660508083140878,0.02387599884470973,0.6,0.7,0.6666666666666666,0.65,0.6666666666666666,0.62,0.475,0.292,0.174,0.0,0.012096774193548387,0.028225806451612902,0.04032258064516129,0.05241935483870968,0.08064516129032258,0.25,0.38306451612903225,0.5887096774193549,0.7016129032258065,0.3705018307908737,-0.961931593916306,0.6,0.62,0.5369127516778524,0.47738693467336685,0.4435483870967742,0.40268456375838924,0.3793103448275862,0.34005037783375314,0.31767337807606266,0.29435483870967744,-10150.0,0.37764772223538384,0.15762006001164824,0.15762006001164824,0.8126385961286052,0.6198828943159642,0.6423620475926992,0.5296347172140421,0.6214011939609386,0.6156048351341922,0.6147700421687466,0.6352097202657366,0.6121655086485625,0.5002907442906613,0.5764490642155431,0.6485278178222039,0.007728494623655913,0.018447580645161287,0.02666046990643765,0.03519113351596748,0.054275312725225275,0.15799612862461465,0.23052360032299568,0.3125860676629552,0.3380956046664916,0.6,0.7,0.6666666666666666,0.65,0.6666666666666666,0.62,0.475,0.5887096774193549,0.7016129032258065,0.0,1.0,1.0,0.02329513432275033,1.0,1.0,0.02329513432275033,0.0455296493482651,10398.0,../models/Easy_Albert_Base_V2/eval.015.json,Easy_Albert_Base_V2,Easy_Albert_Base_V2,15.0
EPOCH 011,1.0,10646.0,248.0,248.0,0.44389497133159767,-0.8121672955874862,0.4879032258064516,0.43670330385015643,1.0,1.0,0.75,0.6944444444444444,0.6551724137931034,0.5649717514124294,0.4770992366412214,0.382051282051282,0.24717514124293785,0.19230769230769232,0.09449811003779925,0.024019370460048425,0.8,0.8,0.8,0.8,0.7,0.65,0.525,0.316,0.195,0.0,0.016129032258064516,0.03225806451612903,0.04838709677419355,0.06451612903225806,0.0846774193548387,0.2620967741935484,0.42338709677419356,0.6370967741935484,0.7862903225806451,0.4438948970946572,-0.8285012530276978,0.7,0.65,0.6040268456375839,0.5276381909547738,0.4879032258064516,0.4395973154362416,0.4109195402298851,0.3778337531486146,0.34451901565995524,0.3185483870967742,-10150.0,0.4619763129446326,0.17738301026328984,0.17738301026328984,0.8546861854155628,0.7011855971844693,0.6951724310041203,0.8539316501572937,0.826813366651774,0.8181601414565874,0.8162716434432158,0.7416476900646362,0.6819403675402118,0.571329673917178,0.6430157368885469,0.7381444152785891,0.01532258064516129,0.027588965693804403,0.04010890543148608,0.05346159901316324,0.06794125172974587,0.19190548921794398,0.28990980085767043,0.3839035053912069,0.42062797786982203,0.8,0.8,0.8,0.8,0.7,0.65,0.525,0.6370967741935484,0.7862903225806451,1.0,1.0,1.0,0.02329513432275033,1.0,1.0,0.02329513432275033,0.0455296493482651,10398.0,../models/Easy_Albert_Base_V2/eval.011.json,Easy_Albert_Base_V2,Easy_Albert_Base_V2,11.0
EPOCH 020,1.0,10646.0,248.0,248.0,0.40897993411193123,-0.8940891849938821,0.4637096774193548,0.406623959417274,1.0,1.0,0.7142857142857143,0.6046511627906976,0.5597014925373134,0.5070422535211268,0.4492753623188406,0.369727047146402,0.27060653188180406,0.18587360594795538,0.10707456978967496,0.023763894212341895,0.8,0.7,0.6666666666666666,0.7,0.7333333333333333,0.59,0.495,0.312,0.192,0.0,0.016129032258064516,0.028225806451612902,0.04032258064516129,0.056451612903225805,0.08870967741935484,0.23790322580645162,0.39919354838709675,0.6290322580645161,0.7741935483870968,0.40897988543767366,-0.899866453264078,0.6,0.59,0.5503355704697986,0.49246231155778897,0.4637096774193548,0.42953020134228187,0.39080459770114945,0.3702770780856423,0.3422818791946309,0.31451612903225806,-10150.0,0.43563651222107924,0.1661150635457679,0.1661150635457679,0.8402816080814579,0.6603849738100664,0.67187584199793,0.830419897363192,0.7421246259355073,0.7137808420056183,0.7269591830110609,0.7439053647451754,0.6200975111787029,0.5331956558953496,0.6227081165452364,0.7162652722994349,0.014314516129032258,0.022705453149001537,0.03176393498974144,0.04264270924986994,0.06602526171265043,0.15764539698827829,0.24600739484255724,0.34447490058642694,0.3822747167503646,0.8,0.7,0.6666666666666666,0.7,0.7333333333333333,0.59,0.495,0.6290322580645161,0.7741935483870968,1.0,1.0,1.0,0.02329513432275033,1.0,1.0,0.02329513432275033,0.0455296493482651,10398.0,../models/Easy_Albert_Base_V2/eval.020.json,Easy_Albert_Base_V2,Easy_Albert_Base_V2,20.0
EPOCH 009,1.0,10646.0,248.0,248.0,0.48081749852391686,-0.732267501822914,0.5040322580645161,0.4571897762747141,1.0,1.0,0.7857142857142857,0.7857142857142857,0.6756756756756757,0.6060606060606061,0.5166666666666667,0.4090909090909091,0.3438735177865613,0.2554278416347382,0.1445859872611465,0.028604382929642444,0.6,0.7,0.6666666666666666,0.75,0.7333333333333333,0.7,0.55,0.346,0.209,0.0,0.012096774193548387,0.028225806451612902,0.04032258064516129,0.06048387096774194,0.08870967741935484,0.28225806451612906,0.4435483870967742,0.6975806451612904,0.842741935483871,0.4808174290762945,-0.7826567089153683,0.72,0.7,0.6174496644295302,0.5527638190954773,0.5040322580645161,0.45302013422818793,0.40804597701149425,0.3954659949622166,0.3579418344519016,0.3487903225806452,-10150.0,0.5046740144122288,0.18068447593851852,0.18068447593851852,0.8663860758887323,0.7120314904711622,0.7080417378075858,0.7227265726449519,0.750637296052051,0.7169268192414037,0.7643285267943888,0.7502188628738451,0.7170937935017662,0.5912612200870585,0.6871178471737928,0.7804915156915834,0.012096774193548387,0.023175883256528418,0.03158816989462151,0.046114164573760844,0.06750103055715921,0.21045173837911105,0.31050978684758657,0.42147006028856754,0.46243184907742635,0.6,0.7,0.6666666666666666,0.75,0.7333333333333333,0.7,0.55,0.6975806451612904,0.842741935483871,1.0,1.0,1.0,0.02329513432275033,1.0,1.0,0.02329513432275033,0.0455296493482651,10398.0,../models/Easy_Albert_Base_V2/eval.009.json,Easy_Albert_Base_V2,Easy_Albert_Base_V2,9.0
EPOCH 014,1.0,10646.0,248.0,248.0,0.4002484328597109,-0.9156698425165737,0.45564516129032256,0.40592481789802315,1.0,1.0,0.6779661016949152,0.6333333333333333,0.5757575757575758,0.505,0.4492753623188406,0.35058823529411764,0.18729817007534985,0.13427800269905532,0.06542056074766354,0.0233807862732158,0.8,0.8,0.7333333333333333,0.75,0.7333333333333333,0.61,0.505,0.302,0.177,0.0,0.016129032258064516,0.03225806451612903,0.04435483870967742,0.06048387096774194,0.08870967741935484,0.24596774193548387,0.40725806451612906,0.6088709677419355,0.7137096774193549,0.40024836335224917,-0.9015873141189674,0.66,0.61,0.5503355704697986,0.5025125628140703,0.45564516129032256,0.4261744966442953,0.3850574712643678,0.36272040302267,0.33557046979865773,0.30443548387096775,-10150.0,0.4183907389267333,0.16981453139094932,0.16981453139094932,0.836701277900177,0.6766204655135359,0.6705386437492316,0.8539316501572937,0.835780413693672,0.7790060348956404,0.7836740446507782,0.7633586792894468,0.6473008992223246,0.5491566679212878,0.6153995696462825,0.6827527987764921,0.01532258064516129,0.02850102406554019,0.03712976092008349,0.04955700827629819,0.07019902170821708,0.17272942781166734,0.26224108180058564,0.3476604789008657,0.3729761781452189,0.8,0.8,0.7333333333333333,0.75,0.7333333333333333,0.61,0.505,0.6088709677419355,0.7137096774193549,1.0,1.0,1.0,0.02329513432275033,1.0,1.0,0.02329513432275033,0.0455296493482651,10398.0,../models/Easy_Albert_Base_V2/eval.014.json,Easy_Albert_Base_V2,Easy_Albert_Base_V2,14.0
EPOCH 010,1.0,10646.0,248.0,248.0,0.4508728648656574,-0.7965698753046455,0.5040322580645161,0.45587278876170695,1.0,1.0,0.6944444444444444,0.6666666666666666,0.5818181818181818,0.569060773480663,0.5078740157480315,0.45288753799392095,0.3180987202925046,0.19245647969052224,0.133492252681764,0.025498663376516552,0.6,0.7,0.8,0.75,0.7333333333333333,0.63,0.55,0.338,0.196,0.0,0.012096774193548387,0.028225806451612902,0.04838709677419355,0.06048387096774194,0.08870967741935484,0.2540322580645161,0.4435483870967742,0.6814516129032258,0.7903225806451613,0.4508728155832201,-0.7855414804014823,0.64,0.63,0.5704697986577181,0.5527638190954773,0.5040322580645161,0.4664429530201342,0.4367816091954023,0.3979848866498741,0.3691275167785235,0.3407258064516129,-10150.0,0.46748161238120145,0.1721001551302098,0.1721001551302098,0.8540462579981613,0.6796457814314093,0.6965253972385121,0.6843515475204855,0.7218018303820491,0.7843482605306744,0.7522723208436718,0.739902064898853,0.6523685333789055,0.5792099822351267,0.6672765661453857,0.7375758022216945,0.010483870967741936,0.021202956989247315,0.03665544804657708,0.045734270577287156,0.06668803599349876,0.17568756538184366,0.2847935202045241,0.39468362476849517,0.4248697336490666,0.6,0.7,0.8,0.75,0.7333333333333333,0.63,0.55,0.6814516129032258,0.7903225806451613,1.0,1.0,1.0,0.02329513432275033,1.0,1.0,0.02329513432275033,0.0455296493482651,10398.0,../models/Easy_Albert_Base_V2/eval.010.json,Easy_Albert_Base_V2,Easy_Albert_Base_V2,10.0
EPOCH 008,1.0,10646.0,248.0,248.0,0.5064027358152822,-0.6804230056879287,0.5120967741935484,0.4793021592091571,1.0,1.0,0.84375,0.7093023255813954,0.6611570247933884,0.6211180124223602,0.5276595744680851,0.46273291925465837,0.33852140077821014,0.2794943820224719,0.16184971098265896,0.03105823418910457,1.0,1.0,0.8666666666666667,0.8,0.8333333333333334,0.66,0.58,0.346,0.213,0.0,0.020161290322580645,0.04032258064516129,0.05241935483870968,0.06451612903225806,0.10080645161290322,0.2661290322580645,0.46774193548387094,0.6975806451612904,0.8588709677419355,0.5064026220119385,-0.7354240679046099,0.78,0.66,0.6308724832214765,0.5829145728643216,0.5120967741935484,0.4798657718120805,0.4367816091954023,0.40302267002518893,0.37360178970917224,0.3467741935483871,-10150.0,0.5124221440447575,0.20333570733319306,0.20333570733319306,0.8818307230405483,0.7434083013579198,0.7247261310821673,1.0,1.0,0.9063046418222316,0.8567910330629047,0.8661438622525922,0.7105002786151896,0.6273973729329964,0.7011656124911361,0.804961091031666,0.020161290322580645,0.04032258064516129,0.050685336169207146,0.06135566612914811,0.09088884164744598,0.21238339940017403,0.33835293524603205,0.4443266128692804,0.4904484902232228,1.0,1.0,0.8666666666666667,0.8,0.8333333333333334,0.66,0.58,0.6975806451612904,0.8588709677419355,1.0,1.0,1.0,0.02329513432275033,1.0,1.0,0.02329513432275033,0.0455296493482651,10398.0,../models/Easy_Albert_Base_V2/eval.008.json,Easy_Albert_Base_V2,Easy_Albert_Base_V2,8.0
EPOCH 004,1.0,10646.0,248.0,248.0,0.4255380317092806,-0.8544009537425705,0.4879032258064516,0.4264275494276793,1.0,1.0,0.7058823529411765,0.5833333333333334,0.5725190839694656,0.5209302325581395,0.49019607843137253,0.37531486146095716,0.27060653188180406,0.17349607672188316,0.10289389067524116,0.024733220305176024,1.0,0.8,0.6666666666666666,0.7,0.7,0.57,0.505,0.316,0.194,0.0,0.020161290322580645,0.03225806451612903,0.04032258064516129,0.056451612903225805,0.0846774193548387,0.22983870967741934,0.40725806451612906,0.6370967741935484,0.782258064516129,0.4255379499948952,-0.8523127988656282,0.7,0.57,0.5503355704697986,0.507537688442211,0.4879032258064516,0.46308724832214765,0.41379310344827586,0.37531486146095716,0.34451901565995524,0.3185483870967742,-10150.0,0.4381732420253226,0.17647751567250342,0.17647751567250342,0.8507184915979331,0.6817260872669212,0.690402595720458,1.0,0.8603818544462509,0.7582039116356711,0.7639434364679722,0.7503917055223506,0.620745560742879,0.5496959086789426,0.6380967874797694,0.731469586349187,0.020161290322580645,0.03094758064516129,0.03712688521156263,0.048005659471691116,0.06846056360622722,0.1616635301163495,0.25875531428794585,0.3635692229764275,0.40133270030587437,1.0,0.8,0.6666666666666666,0.7,0.7,0.57,0.505,0.6370967741935484,0.782258064516129,1.0,1.0,1.0,0.02329513432275033,1.0,1.0,0.02329513432275033,0.0455296493482651,10398.0,../models/Easy_Albert_Base_V2/eval.004.json,Easy_Albert_Base_V2,Easy_Albert_Base_V2,4.0
EPOCH 018,1.0,10646.0,248.0,248.0,0.41627916238265833,-0.8763991803633969,0.46774193548387094,0.400640608740895,1.0,1.0,0.717391304347826,0.6578947368421053,0.5639097744360902,0.49504950495049505,0.4305555555555556,0.33856502242152464,0.2632375189107413,0.1807447774750227,0.10980392156862745,0.024211656741189105,0.8,0.8,0.8,0.75,0.6666666666666666,0.6,0.49,0.316,0.195,0.0,0.016129032258064516,0.03225806451612903,0.04838709677419355,0.06048387096774194,0.08064516129032258,0.24193548387096775,0.3951612903225806,0.6370967741935484,0.7862903225806451,0.4162791007513156,-0.9146904910904486,0.7,0.6,0.5637583892617449,0.49246231155778897,0.46774193548387094,0.4261744966442953,0.3764367816091954,0.35768261964735515,0.3378076062639821,0.31451612903225806,-10150.0,0.4346694339317434,0.17163753517597793,0.17163753517597793,0.8450044560157566,0.6773863038385407,0.6790318929305086,0.830419897363192,0.8165901947515999,0.8151733468648449,0.7786228267561753,0.7140696816740858,0.6398056392434763,0.5373881009909919,0.6335671171226673,0.7285446299460198,0.014314516129032258,0.027060931899641573,0.040588399056141,0.049859939803169856,0.0641519152484497,0.17276339851943473,0.25775766922265253,0.35647605391854364,0.39284074988569534,0.8,0.8,0.8,0.75,0.6666666666666666,0.6,0.49,0.6370967741935484,0.7862903225806451,1.0,1.0,1.0,0.02329513432275033,1.0,1.0,0.02329513432275033,0.0455296493482651,10398.0,../models/Easy_Albert_Base_V2/eval.018.json,Easy_Albert_Base_V2,Easy_Albert_Base_V2,18.0
EPOCH 019,1.0,10646.0,248.0,248.0,0.4497613801599567,-0.7990381031698797,0.49193548387096775,0.4378089229968782,1.0,1.0,0.7142857142857143,0.684931506849315,0.5673758865248227,0.5641025641025641,0.4752851711026616,0.40821917808219177,0.3240223463687151,0.2088142707240294,0.09773123909249563,0.023634804155151054,1.0,0.9,0.8,0.8,0.6666666666666666,0.61,0.55,0.342,0.201,0.0,0.020161290322580645,0.036290322580645164,0.04838709677419355,0.06451612903225806,0.08064516129032258,0.24596774193548387,0.4435483870967742,0.6895161290322581,0.8104838709677419,0.44976128218563244,-0.8259727126554859,0.7,0.61,0.5570469798657718,0.5527638190954773,0.49193548387096775,0.4429530201342282,0.41379310344827586,0.3954659949622166,0.3624161073825503,0.34274193548387094,-10150.0,0.4607638801170601,0.18739875306174028,0.18739875306174028,0.859573179079375,0.7048493528220405,0.7002225812643232,1.0,0.933745776545611,0.8611787713377705,0.8520866360617897,0.7470512771821088,0.6611732608722881,0.5922943186392935,0.6819848482254802,0.7589660262132267,0.020161290322580645,0.03588709677419355,0.04670524368105013,0.06005793726272728,0.07168087803248577,0.18291731961132102,0.29467098984858314,0.4007488049584595,0.43177867642884815,1.0,0.9,0.8,0.8,0.6666666666666666,0.61,0.55,0.6895161290322581,0.8104838709677419,1.0,1.0,1.0,0.02329513432275033,1.0,1.0,0.02329513432275033,0.0455296493482651,10398.0,../models/Easy_Albert_Base_V2_Extended/eval.019.json,Easy_Albert_Base_V2_Extended,Easy_Albert_Base_V2_Extended,19.0
EPOCH 015,1.0,10646.0,248.0,248.0,0.4718733207115356,-0.751044717742191,0.4959677419354839,0.4525234131113425,1.0,1.0,0.7555555555555555,0.6973684210526315,0.6446280991735537,0.5906432748538012,0.496,0.3962765957446808,0.3371868978805395,0.21443965517241378,0.10581010864430798,0.023804952966020348,1.0,1.0,0.8,0.75,0.7333333333333333,0.64,0.57,0.344,0.201,0.0,0.020161290322580645,0.04032258064516129,0.04838709677419355,0.06048387096774194,0.08870967741935484,0.25806451612903225,0.4596774193548387,0.6935483870967742,0.8104838709677419,0.4718732152606504,-0.7929157754981861,0.74,0.64,0.610738255033557,0.5728643216080402,0.4959677419354839,0.4563758389261745,0.40804597701149425,0.3879093198992443,0.3713646532438479,0.3467741935483871,-10150.0,0.4783375964585004,0.19586850275642254,0.19586850275642254,0.8672288209126833,0.7245275827075747,0.708552177457547,1.0,1.0,0.8675737766295126,0.822248600296968,0.793437872944168,0.6876634187055294,0.6136694861331549,0.6908635105310209,0.7663839581471216,0.020161290322580645,0.04032258064516129,0.04807692307692308,0.05734846382395194,0.07819672493848112,0.19636943393371614,0.3195145792853565,0.4206402373432039,0.4537875490448334,1.0,1.0,0.8,0.75,0.7333333333333333,0.64,0.57,0.6935483870967742,0.8104838709677419,1.0,1.0,1.0,0.02329513432275033,1.0,1.0,0.02329513432275033,0.0455296493482651,10398.0,../models/Easy_Albert_Base_V2_Extended/eval.015.json,Easy_Albert_Base_V2_Extended,Easy_Albert_Base_V2_Extended,15.0
EPOCH 011,1.0,10646.0,248.0,248.0,0.4817992909432353,-0.7302276604852317,0.5080645161290323,0.4582628772112385,1.0,1.0,0.7878787878787878,0.7323943661971831,0.6416666666666667,0.5882352941176471,0.5230125523012552,0.40821917808219177,0.3425196850393701,0.23411764705882354,0.14698162729658792,0.027041762076109477,0.8,0.8,0.8,0.8,0.7666666666666667,0.69,0.555,0.344,0.204,0.0,0.016129032258064516,0.03225806451612903,0.04838709677419355,0.06451612903225806,0.09274193548387097,0.2782258064516129,0.4475806451612903,0.6935483870967742,0.8225806451612904,0.48179919888576134,-0.7803122918142885,0.72,0.69,0.610738255033557,0.5577889447236181,0.5080645161290323,0.4597315436241611,0.41954022988505746,0.3904282115869018,0.3691275167785235,0.3467741935483871,-10150.0,0.4938243242467839,0.18696268927206217,0.18696268927206217,0.8706798013644779,0.7232439072903039,0.71424146637515,0.8687949224876582,0.8512360941594274,0.8420299163492444,0.8344196503767283,0.8024521321458596,0.7207171878526963,0.6010351939120548,0.6900722640387189,0.7732548603226095,0.016129032258064516,0.030057923707117254,0.04358539086361667,0.05640696933937597,0.07818046639141318,0.21120429667778085,0.31486980207660387,0.42408885620958503,0.4605062985488425,0.8,0.8,0.8,0.8,0.7666666666666667,0.69,0.555,0.6935483870967742,0.8225806451612904,1.0,1.0,1.0,0.02329513432275033,1.0,1.0,0.02329513432275033,0.0455296493482651,10398.0,../models/Easy_Albert_Base_V2_Extended/eval.011.json,Easy_Albert_Base_V2_Extended,Easy_Albert_Base_V2_Extended,11.0
EPOCH 020,1.0,10646.0,248.0,248.0,0.43624822693235954,-0.8295438698121904,0.4959677419354839,0.4332238553590015,1.0,1.0,0.75,0.6455696202531646,0.58125,0.5654450261780105,0.49407114624505927,0.38071065989847713,0.2838499184339315,0.19061302681992337,0.0873634945397816,0.023442669439455523,0.8,0.8,0.6666666666666666,0.7,0.7,0.61,0.55,0.328,0.195,0.0,0.016129032258064516,0.03225806451612903,0.04032258064516129,0.056451612903225805,0.0846774193548387,0.24596774193548387,0.4435483870967742,0.6612903225806451,0.7862903225806451,0.43624816382605336,-0.8365006975990806,0.68,0.61,0.5704697986577181,0.5527638190954773,0.4959677419354839,0.4463087248322148,0.4051724137931034,0.3778337531486146,0.36017897091722595,0.33064516129032256,-10150.0,0.4547559601643458,0.1735924283329501,0.1735924283329501,0.8500285618270247,0.6869911126615339,0.6934171828272279,0.830419897363192,0.8263333286520083,0.7293087985300187,0.7422988042371635,0.7330394613443467,0.6467556334365534,0.5838195933744847,0.6550582034013421,0.7352969070589673,0.014314516129032258,0.02824340757808499,0.03395577316948284,0.045457574300235074,0.0655948636246647,0.17514305572957836,0.28750019810823657,0.3819615070053636,0.41471132020160767,0.8,0.8,0.6666666666666666,0.7,0.7,0.61,0.55,0.6612903225806451,0.7862903225806451,1.0,1.0,1.0,0.02329513432275033,1.0,1.0,0.02329513432275033,0.0455296493482651,10398.0,../models/Easy_Albert_Base_V2_Extended/eval.020.json,Easy_Albert_Base_V2_Extended,Easy_Albert_Base_V2_Extended,20.0
EPOCH 014,1.0,10646.0,248.0,248.0,0.47608779422836434,-0.7421530001017606,0.5040322580645161,0.4520681581685747,1.0,1.0,0.7555555555555555,0.7083333333333334,0.6048387096774194,0.5919540229885057,0.5102880658436214,0.4,0.3551020408163265,0.24567901234567902,0.11422743498215196,0.02397061666344481,1.0,0.9,0.8666666666666667,0.9,0.7333333333333333,0.63,0.57,0.348,0.203,0.0,0.020161290322580645,0.036290322580645164,0.05241935483870968,0.07258064516129033,0.08870967741935484,0.2540322580645161,0.4596774193548387,0.7016129032258065,0.8185483870967742,0.4760876876981593,-0.7939223181095871,0.74,0.63,0.5906040268456376,0.5678391959798995,0.5040322580645161,0.45302013422818793,0.4166666666666667,0.3904282115869018,0.3624161073825503,0.35080645161290325,-10150.0,0.48272261747327616,0.1945861456152777,0.1945861456152777,0.8696393039502727,0.72670102123656,0.7132283400457218,1.0,0.9305687780632227,0.9013683521232958,0.9178846060318836,0.7985882764204874,0.6841459891466714,0.6146210998349517,0.6971536280806644,0.7725753632431105,0.020161290322580645,0.03543906810035843,0.04975183866312899,0.06765901072833312,0.08101154529054509,0.19848430973883205,0.3204647618929748,0.4245384845095884,0.45767446463675227,1.0,0.9,0.8666666666666667,0.9,0.7333333333333333,0.63,0.57,0.7016129032258065,0.8185483870967742,1.0,1.0,1.0,0.02329513432275033,1.0,1.0,0.02329513432275033,0.0455296493482651,10398.0,../models/Easy_Albert_Base_V2_Extended/eval.014.json,Easy_Albert_Base_V2_Extended,Easy_Albert_Base_V2_Extended,14.0
EPOCH 018,1.0,10646.0,248.0,248.0,0.44866789867292023,-0.8014723115215868,0.5,0.43909339229968763,1.0,1.0,0.6666666666666666,0.6455696202531646,0.5769230769230769,0.5490196078431373,0.5040650406504065,0.40106951871657753,0.3283018867924528,0.1933916423712342,0.09709579540528826,0.023378582202111614,1.0,0.9,0.8666666666666667,0.8,0.6666666666666666,0.62,0.54,0.342,0.198,0.0,0.020161290322580645,0.036290322580645164,0.05241935483870968,0.06451612903225806,0.08064516129032258,0.25,0.43548387096774194,0.6895161290322581,0.7983870967741935,0.4486678011978204,-0.8230431498089771,0.64,0.62,0.5436241610738255,0.5376884422110553,0.5,0.45302013422818793,0.41379310344827586,0.3879093198992443,0.36017897091722595,0.34475806451612906,-10150.0,0.4532255852567379,0.18739520174880497,0.18739520174880497,0.8589612222254532,0.7013809822298677,0.7023964639089857,1.0,0.933745776545611,0.9038310759074217,0.854731675402627,0.7489685437102818,0.6654991333610619,0.5830957145688729,0.6810158162092455,0.7512024409562778,0.020161290322580645,0.03588709677419355,0.05019986733696411,0.06087019729690508,0.07244301222761768,0.18109673736404605,0.28585757273786644,0.39808719938879145,0.42820074664132013,1.0,0.9,0.8666666666666667,0.8,0.6666666666666666,0.62,0.54,0.6895161290322581,0.7983870967741935,1.0,1.0,1.0,0.02329513432275033,1.0,1.0,0.02329513432275033,0.0455296493482651,10398.0,../models/Easy_Albert_Base_V2_Extended/eval.018.json,Easy_Albert_Base_V2_Extended,Easy_Albert_Base_V2_Extended,18.0
EPOCH 016,1.0,10646.0,248.0,248.0,0.4700774813379317,-0.7548577439544525,0.5,0.44915777835587906,1.0,1.0,0.7575757575757576,0.6933333333333334,0.6440677966101694,0.5804597701149425,0.5102880658436214,0.3952254641909814,0.3301707779886148,0.22284434490481522,0.11428571428571428,0.023394019432129043,1.0,0.9,0.8666666666666667,0.75,0.7666666666666667,0.67,0.575,0.34,0.202,0.0,0.020161290322580645,0.036290322580645164,0.05241935483870968,0.06048387096774194,0.09274193548387097,0.2701612903225806,0.4637096774193548,0.6854838709677419,0.8145161290322581,0.47007737857089493,-0.800381053509911,0.68,0.67,0.5906040268456376,0.5728643216080402,0.5,0.4463087248322148,0.4166666666666667,0.3904282115869018,0.3668903803131991,0.34274193548387094,-10150.0,0.4792404585709163,0.19181290668301593,0.19181290668301593,0.8670494597161439,0.7208312481170801,0.7094075995645615,1.0,0.933745776545611,0.9049727092364181,0.8192072839740016,0.8154080883932493,0.7082289399206967,0.6161840817250287,0.6841276884506461,0.7677995125098684,0.020161290322580645,0.03588709677419355,0.05046573050605309,0.05662612477128606,0.0815623939377083,0.20349596194154324,0.3188730698227212,0.41404363603589706,0.4514102833458982,1.0,0.9,0.8666666666666667,0.75,0.7666666666666667,0.67,0.575,0.6854838709677419,0.8145161290322581,1.0,1.0,1.0,0.02329513432275033,1.0,1.0,0.02329513432275033,0.0455296493482651,10398.0,../models/Easy_Albert_Base_V2_Extended/eval.016.json,Easy_Albert_Base_V2_Extended,Easy_Albert_Base_V2_Extended,16.0
EPOCH 012,1.0,10646.0,248.0,248.0,0.4873921173901159,-0.7186863106954765,0.5,0.4558565296566076,1.0,1.0,0.8333333333333334,0.7352941176470589,0.6637931034482759,0.5847953216374269,0.5081967213114754,0.3952254641909814,0.3431952662721893,0.2535031847133758,0.12527964205816555,0.024859663191659984,1.0,0.9,0.9333333333333333,0.85,0.8333333333333334,0.66,0.535,0.346,0.204,0.0,0.020161290322580645,0.036290322580645164,0.056451612903225805,0.06854838709677419,0.10080645161290322,0.2661290322580645,0.4314516129032258,0.6975806451612904,0.8225806451612904,0.4873920073853257,-0.7855771469195433,0.7,0.66,0.6040268456375839,0.5376884422110553,0.5,0.4664429530201342,0.4109195402298851,0.38287153652392947,0.3668903803131991,0.3487903225806452,-10150.0,0.49704325616399475,0.19834952597343009,0.19834952597343009,0.8736807054656072,0.7364353260994254,0.715178912703623,1.0,0.9266360779006401,0.9431302605737985,0.886252056717812,0.866314867766723,0.7099131289902588,0.5923218888882065,0.6977283321984394,0.7783680727931743,0.020161290322580645,0.03493503584229391,0.05352672640979093,0.06449900758315445,0.09172899868133241,0.21272051687195367,0.31533292921475403,0.4332453093520256,0.46870719017415596,1.0,0.9,0.9333333333333333,0.85,0.8333333333333334,0.66,0.535,0.6975806451612904,0.8225806451612904,1.0,1.0,1.0,0.02329513432275033,1.0,1.0,0.02329513432275033,0.0455296493482651,10398.0,../models/Easy_Albert_Base_V2_Extended/eval.012.json,Easy_Albert_Base_V2_Extended,Easy_Albert_Base_V2_Extended,12.0
EPOCH 017,1.0,10646.0,248.0,248.0,0.4642877817381379,-0.7672506997491308,0.4959677419354839,0.44506048387096825,1.0,1.0,0.7575757575757576,0.6666666666666666,0.6198347107438017,0.5586592178770949,0.50199203187251,0.42329545454545453,0.30905861456483125,0.21283422459893048,0.09139126886984904,0.02355175688509022,1.0,1.0,0.9333333333333333,0.9,0.7666666666666667,0.61,0.545,0.334,0.2,0.0,0.020161290322580645,0.04032258064516129,0.056451612903225805,0.07258064516129033,0.09274193548387097,0.24596774193548387,0.43951612903225806,0.6733870967741935,0.8064516129032258,0.4642876668328428,-0.8095450872408569,0.72,0.61,0.5771812080536913,0.542713567839196,0.4959677419354839,0.4429530201342282,0.4224137931034483,0.3879093198992443,0.3579418344519016,0.3346774193548387,-10150.0,0.46953270038181694,0.2058344911520965,0.2058344911520965,0.8662409044669899,0.7251705205437269,0.7086350805690167,1.0,1.0,0.9573476954303488,0.9316250195240087,0.8309646140461028,0.6731102897921172,0.5969249209424728,0.678166977823854,0.7635422713890406,0.020161290322580645,0.04032258064516129,0.056451612903225805,0.07146419723803499,0.08780921824100926,0.19514566376042525,0.3080487737858259,0.4107584291837636,0.4462628678548153,1.0,1.0,0.9333333333333333,0.9,0.7666666666666667,0.61,0.545,0.6733870967741935,0.8064516129032258,1.0,1.0,1.0,0.02329513432275033,1.0,1.0,0.02329513432275033,0.0455296493482651,10398.0,../models/Easy_Albert_Base_V2_Extended/eval.017.json,Easy_Albert_Base_V2_Extended,Easy_Albert_Base_V2_Extended,17.0
EPOCH 013,1.0,10646.0,248.0,248.0,0.48515871228881846,-0.7232791997439687,0.4959677419354839,0.4604578563995842,1.0,1.0,0.7714285714285715,0.7307692307692307,0.6666666666666666,0.5977011494252874,0.49800796812749004,0.3983957219251337,0.3486973947895792,0.23059096176129779,0.12200435729847495,0.02416447432524603,1.0,0.9,0.8666666666666667,0.9,0.7666666666666667,0.68,0.555,0.348,0.2,0.0,0.020161290322580645,0.036290322580645164,0.05241935483870968,0.07258064516129033,0.09274193548387097,0.27419354838709675,0.4475806451612903,0.7016129032258065,0.8064516129032258,0.48515860893552665,-0.7755339445223074,0.74,0.68,0.6174496644295302,0.5577889447236181,0.4959677419354839,0.46308724832214765,0.41954022988505746,0.3904282115869018,0.36465324384787473,0.3487903225806452,-10150.0,0.48985695422881614,0.19328897139918827,0.19328897139918827,0.8714903762345876,0.7326910802651682,0.7117804333181204,1.0,0.9216017310213247,0.894417338408345,0.9120975666589383,0.814962522607704,0.7197040155499526,0.6054238489798812,0.6990815742446327,0.7673280441778548,0.020161290322580645,0.03435899897593446,0.04867176953870502,0.06657894160390915,0.08244469824171925,0.2135421338347706,0.32214683039155045,0.4335609477274701,0.4648350509243666,1.0,0.9,0.8666666666666667,0.9,0.7666666666666667,0.68,0.555,0.7016129032258065,0.8064516129032258,1.0,1.0,1.0,0.02329513432275033,1.0,1.0,0.02329513432275033,0.0455296493482651,10398.0,../models/Easy_Albert_Base_V2_Extended/eval.013.json,Easy_Albert_Base_V2_Extended,Easy_Albert_Base_V2_Extended,13.0
EPOCH 001,1.0,10646.0,248.0,248.0,0.45963351314414563,-0.7773258175977276,0.45564516129032256,0.41597294484911546,1.0,1.0,0.8285714285714286,0.6435643564356436,0.6178861788617886,0.5076142131979695,0.4460431654676259,0.3669950738916256,0.29743589743589743,0.2567741935483871,0.17459080280592362,0.031983492391023986,0.6,0.8,0.8666666666666667,0.9,0.8,0.64,0.505,0.334,0.215,0.0,0.012096774193548387,0.03225806451612903,0.05241935483870968,0.07258064516129033,0.0967741935483871,0.25806451612903225,0.40725806451612906,0.6733870967741935,0.8669354838709677,0.45963344561271285,-0.877135057256229,0.78,0.64,0.5704697986577181,0.507537688442211,0.45564516129032256,0.43288590604026844,0.40229885057471265,0.36523929471032746,0.3534675615212528,0.33669354838709675,-10150.0,0.47013261841884674,0.18331726643215376,0.18331726643215376,0.8625552876407386,0.6963145468781207,0.685846183181887,0.6843515475204855,0.7951657524814092,0.841217999956876,0.8678066648051395,0.8044423170948343,0.6773750380993608,0.555138122844034,0.6650298052139249,0.7885020430943878,0.010483870967741936,0.0254384280593958,0.0424605188718092,0.06036769093701332,0.08017648233924186,0.19736232724533287,0.28155710812330986,0.39056544846147007,0.44203743050173705,0.6,0.8,0.8666666666666667,0.9,0.8,0.64,0.505,0.6733870967741935,0.8669354838709677,1.0,1.0,1.0,0.02329513432275033,1.0,1.0,0.02329513432275033,0.0455296493482651,10398.0,../models/Easy_Add_PT/eval.001.json,Easy_Add_PT,Easy_Add_PT,1.0
EPOCH 005,1.0,10646.0,248.0,248.0,0.533363944935861,-0.6285512643147654,0.5403225806451613,0.520145031217482,1.0,1.0,0.7538461538461538,0.75,0.6869565217391305,0.6369426751592356,0.5675675675675675,0.5117845117845118,0.4603174603174603,0.3579136690647482,0.16654275092936802,0.04103242885506287,0.8,0.9,0.8666666666666667,0.75,0.7,0.69,0.59,0.386,0.219,0.0,0.016129032258064516,0.036290322580645164,0.05241935483870968,0.06048387096774194,0.0846774193548387,0.2782258064516129,0.47580645161290325,0.7782258064516129,0.8830645161290323,0.5333638548495345,-0.6536476001062989,0.72,0.69,0.6375838926174496,0.592964824120603,0.5403225806451613,0.5100671140939598,0.47988505747126436,0.4433249370277078,0.4161073825503356,0.38911290322580644,-10150.0,0.5393548853875672,0.19288914775447766,0.19288914775447766,0.8861899798463768,0.7350335245148386,0.7352456167211986,0.8539316501572937,0.9052116356304493,0.8838703045265272,0.8016385591911257,0.753537836580828,0.7190884788124953,0.6285949592476131,0.7553125861326426,0.8229531792064626,0.01532258064516129,0.032880504352278545,0.0477087540595605,0.05386914832479348,0.07087456922545426,0.2113447224764603,0.3384628565359069,0.4879934759075907,0.5206118355976541,0.8,0.9,0.8666666666666667,0.75,0.7,0.69,0.59,0.7782258064516129,0.8830645161290323,1.0,1.0,1.0,0.02329513432275033,1.0,1.0,0.02329513432275033,0.0455296493482651,10398.0,../models/Easy_Add_PT/eval.005.json,Easy_Add_PT,Easy_Add_PT,5.0
EPOCH 009,1.0,10646.0,248.0,248.0,0.4708568957074208,-0.7532010619014462,0.5403225806451613,0.4854643600416232,1.0,1.0,0.6756756756756757,0.6333333333333333,0.6141732283464567,0.5543478260869565,0.5504201680672269,0.5263157894736842,0.44050632911392407,0.30335365853658536,0.08808493904836807,0.024834768676146604,0.8,0.8,0.6666666666666666,0.65,0.6,0.61,0.54,0.374,0.211,0.0,0.016129032258064516,0.03225806451612903,0.04032258064516129,0.05241935483870968,0.07258064516129033,0.24596774193548387,0.43548387096774194,0.7540322580645161,0.8508064516129032,0.47085682934615397,-0.7226494027164292,0.62,0.61,0.5570469798657718,0.5376884422110553,0.5403225806451613,0.5100671140939598,0.46839080459770116,0.43828715365239296,0.407158836689038,0.375,-10150.0,0.4919132469416688,0.17496592528644303,0.17496592528644303,0.8616201322241733,0.6817115410986905,0.7145051602656909,0.8539316501572937,0.8389574121760602,0.7401111425320783,0.7165420809290737,0.667244797527981,0.6391739842065062,0.5720451961453678,0.7212880369129757,0.7833753948307887,0.01532258064516129,0.028893049155145924,0.03479742703533025,0.04285362065029746,0.055868503668686786,0.16355242228913489,0.27214877819217165,0.4295948164471852,0.45766050361725896,0.8,0.8,0.6666666666666666,0.65,0.6,0.61,0.54,0.7540322580645161,0.8508064516129032,1.0,1.0,1.0,0.02329513432275033,1.0,1.0,0.02329513432275033,0.0455296493482651,10398.0,../models/Easy_Add_PT/eval.009.json,Easy_Add_PT,Easy_Add_PT,9.0
EPOCH 008,1.0,10646.0,248.0,248.0,0.5138179593718715,-0.6658862409042465,0.5241935483870968,0.49282973465140484,1.0,1.0,0.7941176470588235,0.7402597402597403,0.656934306569343,0.608433734939759,0.5560538116591929,0.4902597402597403,0.3695198329853862,0.2909356725146199,0.15405777166437415,0.03652430044182622,1.0,0.9,0.7333333333333333,0.8,0.7666666666666667,0.69,0.56,0.356,0.213,0.0,0.020161290322580645,0.036290322580645164,0.04435483870967742,0.06451612903225806,0.09274193548387097,0.2782258064516129,0.45161290322580644,0.717741935483871,0.8588709677419355,0.5138178516848528,-0.7075915304106077,0.76,0.69,0.6241610738255033,0.5577889447236181,0.5241935483870968,0.4899328859060403,0.4540229885057471,0.41309823677581864,0.3870246085011186,0.3588709677419355,-10150.0,0.5179178689411642,0.19913697401647906,0.19913697401647906,0.883249715367826,0.7394035091375016,0.7290835367901183,1.0,0.9363792118010483,0.8171150192505808,0.847739822172869,0.8140242510892413,0.7281127455295284,0.6101524304203289,0.714584644243373,0.8058096169449895,0.020161290322580645,0.036290322580645164,0.043124214495182236,0.05877726830300985,0.08116913154340043,0.21759299340135,0.32643515808150086,0.45490559550157306,0.49695010100954057,1.0,0.9,0.7333333333333333,0.8,0.7666666666666667,0.69,0.56,0.717741935483871,0.8588709677419355,1.0,1.0,1.0,0.02329513432275033,1.0,1.0,0.02329513432275033,0.0455296493482651,10398.0,../models/Easy_Add_PT/eval.008.json,Easy_Add_PT,Easy_Add_PT,8.0
EPOCH 010,1.0,10646.0,248.0,248.0,0.5316837090346512,-0.6317064983344106,0.5443548387096774,0.5257869406867847,1.0,1.0,0.9259259259259259,0.7027027027027027,0.6304347826086957,0.6304347826086957,0.5720720720720721,0.5365853658536586,0.4743935309973046,0.3262987012987013,0.08080808080808081,0.023420530739446596,1.0,1.0,1.0,0.95,0.8666666666666667,0.66,0.59,0.374,0.209,0.0,0.020161290322580645,0.04032258064516129,0.06048387096774194,0.07661290322580645,0.10483870967741936,0.2661290322580645,0.47580645161290325,0.7540322580645161,0.842741935483871,0.5316835822287007,-0.6428592040302044,0.72,0.66,0.6241610738255033,0.592964824120603,0.5443548387096774,0.5268456375838926,0.48563218390804597,0.4534005037783375,0.4116331096196868,0.37701612903225806,-10150.0,0.5366433159650258,0.2261262842724984,0.2261262842724984,0.8879001237744593,0.7545778860368548,0.7416754486036934,1.0,1.0,1.0,0.9665625086152866,0.9063702168268347,0.716259281919561,0.638007258978974,0.7477697589271224,0.8055009562501866,0.020161290322580645,0.04032258064516129,0.06048387096774194,0.07619906621392189,0.10255975571013032,0.21726998600620379,0.3470969534340377,0.4905953716325519,0.5187384617986988,1.0,1.0,1.0,0.95,0.8666666666666667,0.66,0.59,0.7540322580645161,0.842741935483871,1.0,1.0,1.0,0.02329513432275033,1.0,1.0,0.02329513432275033,0.0455296493482651,10398.0,../models/Easy_Add_PT/eval.010.json,Easy_Add_PT,Easy_Add_PT,10.0
EPOCH 004,1.0,10646.0,248.0,248.0,0.5237917185943124,-0.6466611572772805,0.5282258064516129,0.4959352237252869,1.0,1.0,0.7878787878787878,0.7183098591549296,0.6818181818181818,0.6211180124223602,0.5688073394495413,0.4775641025641026,0.4156769596199525,0.30060422960725075,0.15023474178403756,0.032274856845393024,1.0,1.0,0.8666666666666667,0.85,0.7666666666666667,0.7,0.575,0.374,0.213,0.0,0.020161290322580645,0.04032258064516129,0.05241935483870968,0.06854838709677419,0.09274193548387097,0.28225806451612906,0.4637096774193548,0.7540322580645161,0.8588709677419355,0.5237916048226887,-0.7013099581138337,0.74,0.7,0.6241610738255033,0.5778894472361809,0.5282258064516129,0.48322147651006714,0.4511494252873563,0.42065491183879095,0.4004474272930649,0.37298387096774194,-10150.0,0.5231170064676852,0.20464376603816606,0.20464376603816606,0.8874702563068819,0.7472288323491109,0.733991178926149,1.0,1.0,0.9063046418222316,0.8896560036304818,0.8230068436677769,0.7381947454219183,0.6239701346365746,0.742025855876683,0.8093158545368364,0.020161290322580645,0.04032258064516129,0.050685336169207146,0.06496347597634676,0.08469417226191074,0.22235206194838253,0.3377919977489731,0.47537058322079584,0.5060374911626645,1.0,1.0,0.8666666666666667,0.85,0.7666666666666667,0.7,0.575,0.7540322580645161,0.8588709677419355,1.0,1.0,1.0,0.02329513432275033,1.0,1.0,0.02329513432275033,0.0455296493482651,10398.0,../models/Easy_Add_PT/eval.004.json,Easy_Add_PT,Easy_Add_PT,4.0
EPOCH 002,1.0,10646.0,248.0,248.0,0.5733107060442785,-0.5563274648233989,0.5403225806451613,0.5326157648283041,1.0,1.0,0.8571428571428571,0.8571428571428571,0.7549019607843137,0.6496815286624203,0.5849056603773585,0.5283687943262412,0.4496124031007752,0.3579136690647482,0.23578947368421052,0.035916002896451846,1.0,0.9,0.8666666666666667,0.85,0.8333333333333334,0.75,0.59,0.382,0.226,0.0,0.020161290322580645,0.036290322580645164,0.05241935483870968,0.06854838709677419,0.10080645161290322,0.3024193548387097,0.47580645161290325,0.7701612903225806,0.9112903225806451,0.5733105837639265,-0.6299550062876391,0.82,0.75,0.6375838926174496,0.5879396984924623,0.5403225806451613,0.5134228187919463,0.4827586206896552,0.44584382871536526,0.4116331096196868,0.3850806451612903,-10150.0,0.5737613824711121,0.21500269314346462,0.21500269314346462,0.903520299957049,0.7750146604342527,0.7503856644405411,1.0,0.933745776545611,0.9025363874854585,0.8865187581712657,0.8650966169578465,0.7855022983670013,0.6439023899040215,0.7628763333049757,0.8538279245624519,0.020161290322580645,0.03588709677419355,0.049915541447799514,0.06419368125493913,0.09073584795736842,0.25668017679824534,0.37030979361748834,0.516801380544189,0.5608232630229298,1.0,0.9,0.8666666666666667,0.85,0.8333333333333334,0.75,0.59,0.7701612903225806,0.9112903225806451,1.0,1.0,1.0,0.02329513432275033,1.0,1.0,0.02329513432275033,0.0455296493482651,10398.0,../models/Easy_Add_PT/eval.002.json,Easy_Add_PT,Easy_Add_PT,2.0
EPOCH 006,1.0,10646.0,248.0,248.0,0.5400953626270649,-0.6160095575577847,0.5403225806451613,0.52528290842872,1.0,1.0,0.8205128205128205,0.7945205479452054,0.7211538461538461,0.5934065934065934,0.5794392523364486,0.5265017667844523,0.47297297297297297,0.3503521126760563,0.18744769874476988,0.032439502943100065,0.8,0.7,0.8,0.8,0.8,0.72,0.58,0.388,0.219,0.0,0.016129032258064516,0.028225806451612902,0.04838709677419355,0.06451612903225806,0.0967741935483871,0.2903225806451613,0.46774193548387094,0.782258064516129,0.8830645161290323,0.5400952771242384,-0.6438182883329738,0.8,0.72,0.5973154362416108,0.5778894472361809,0.5403225806451613,0.5201342281879194,0.4827586206896552,0.4534005037783375,0.42058165548098436,0.3911290322580645,-10150.0,0.5526133740432969,0.19315793871060802,0.19315793871060802,0.8870386103176369,0.7389882597964962,0.736070128906927,0.8539316501572937,0.7631925784528223,0.8164332553085225,0.8124220495615936,0.808220642912232,0.7441751958102661,0.6219294971888527,0.759350315076851,0.8235653411981333,0.01532258064516129,0.0243631592421915,0.03981565029952128,0.052444510558961786,0.07775886050321452,0.2301461892325492,0.3397169822368638,0.49786773818122987,0.5269093290134763,0.8,0.7,0.8,0.8,0.8,0.72,0.58,0.782258064516129,0.8830645161290323,1.0,1.0,1.0,0.02329513432275033,1.0,1.0,0.02329513432275033,0.0455296493482651,10398.0,../models/Easy_Add_PT/eval.006.json,Easy_Add_PT,Easy_Add_PT,6.0
EPOCH 003,1.0,10646.0,248.0,248.0,0.5119943007771901,-0.6694417852991331,0.5201612903225806,0.47192052549427693,1.0,1.0,0.8387096774193549,0.7246376811594203,0.625,0.6024096385542169,0.5224489795918368,0.4501510574018127,0.3790849673202614,0.2851002865329513,0.19563318777292577,0.028568137311369656,1.0,1.0,0.9333333333333333,0.85,0.8333333333333334,0.64,0.565,0.358,0.218,0.0,0.020161290322580645,0.04032258064516129,0.056451612903225805,0.06854838709677419,0.10080645161290322,0.25806451612903225,0.45564516129032256,0.7217741935483871,0.8790322580645161,0.5119941811371088,-0.7509446857638719,0.74,0.64,0.6040268456375839,0.5628140703517588,0.5201612903225806,0.4798657718120805,0.4339080459770115,0.40554156171284633,0.3825503355704698,0.35685483870967744,-10150.0,0.5137948739149226,0.21051607322564692,0.21051607322564692,0.885484388647202,0.7442513653933109,0.7299107068346822,1.0,1.0,0.9538948797241021,0.8964121001187203,0.8746482799020814,0.7007220628711383,0.6171600766546482,0.7183294300861718,0.8190833846453034,0.020161290322580645,0.04032258064516129,0.05558460356847454,0.06696815564521921,0.0944634230913983,0.21190232642136464,0.3309178152071862,0.45213379995600605,0.4970511540675723,1.0,1.0,0.9333333333333333,0.85,0.8333333333333334,0.64,0.565,0.7217741935483871,0.8790322580645161,1.0,1.0,1.0,0.02329513432275033,1.0,1.0,0.02329513432275033,0.0455296493482651,10398.0,../models/Easy_Add_PT/eval.003.json,Easy_Add_PT,Easy_Add_PT,3.0
EPOCH 007,1.0,10646.0,248.0,248.0,0.47677536200934384,-0.7407098382042466,0.532258064516129,0.489480359001041,1.0,1.0,0.7037037037037037,0.6666666666666666,0.6307692307692307,0.6196319018404908,0.5656108597285068,0.48231511254019294,0.41766109785202865,0.2426829268292683,0.1038961038961039,0.02371390323197552,1.0,0.6,0.6,0.6,0.6666666666666666,0.63,0.585,0.36,0.207,0.0,0.020161290322580645,0.024193548387096774,0.036290322580645164,0.04838709677419355,0.08064516129032258,0.2540322580645161,0.4717741935483871,0.7258064516129032,0.8346774193548387,0.4767752920375432,-0.7144109424314153,0.68,0.63,0.6040268456375839,0.5829145728643216,0.532258064516129,0.4899328859060403,0.4511494252873563,0.4256926952141058,0.3959731543624161,0.3629032258064516,-10150.0,0.4960592279143789,0.17746616767366039,0.17746616767366039,0.8628280234479292,0.6956868891203912,0.7140777044154458,1.0,0.7125523635307982,0.6834829643968964,0.6707091932765621,0.7011161041860383,0.655243862854111,0.6098505855656513,0.7047407371343065,0.7745712539722649,0.020161290322580645,0.02258064516129032,0.029475363346331083,0.037151322099951374,0.05815596192619855,0.17402135492761953,0.30725296985593953,0.43038876324894276,0.46107480264033185,1.0,0.6,0.6,0.6,0.6666666666666666,0.63,0.585,0.7258064516129032,0.8346774193548387,1.0,1.0,1.0,0.02329513432275033,1.0,1.0,0.02329513432275033,0.0455296493482651,10398.0,../models/Easy_Add_PT/eval.007.json,Easy_Add_PT,Easy_Add_PT,7.0
EPOCH 006,1.0,10646.0,248.0,248.0,0.4738245693855824,-0.7469181325749509,0.5241935483870968,0.47034339229968786,0.5,0.875,0.7551020408163265,0.6625,0.5955882352941176,0.5441860465116279,0.5364806866952789,0.4570552147239264,0.4032258064516129,0.23718712753277713,0.11642411642411643,0.029097735539129414,0.8,0.7,0.7333333333333333,0.8,0.7333333333333333,0.61,0.53,0.364,0.208,0.0,0.016129032258064516,0.028225806451612902,0.04435483870967742,0.06451612903225806,0.08870967741935484,0.24596774193548387,0.4274193548387097,0.7338709677419355,0.8387096774193549,0.47382454232410026,-0.7542922291380613,0.74,0.61,0.5704697986577181,0.5326633165829145,0.5241935483870968,0.48322147651006714,0.4454022988505747,0.42065491183879095,0.3959731543624161,0.3649193548387097,-10150.0,0.47380427363535577,0.1769482037573969,0.1769482037573969,0.8537761884073009,0.6712091472839374,0.701437926937621,0.6608397947263839,0.6500332220485792,0.6811249275309457,0.7345218014086067,0.7052815937492165,0.6274398164793092,0.5575488937810635,0.6993791324700551,0.7662506326427178,0.010954301075268817,0.021298963133640554,0.032615872031194613,0.04826892583902222,0.06770483544214659,0.1778179406466072,0.2822742989990001,0.4277399191768219,0.4564917186127968,0.8,0.7,0.7333333333333333,0.8,0.7333333333333333,0.61,0.53,0.7338709677419355,0.8387096774193549,0.0,1.0,1.0,0.02329513432275033,1.0,1.0,0.02329513432275033,0.0455296493482651,10398.0,../models/Easy_PT_Scratch/eval.006.json,Easy_PT_Scratch,Easy_PT_Scratch,6.0
EPOCH 002,1.0,10646.0,248.0,248.0,0.4843707726262324,-0.724904606393937,0.4798387096774194,0.4302321800208117,1.0,1.0,0.8,0.6823529411764706,0.6290322580645161,0.5459459459459459,0.4381625441696113,0.3880208333333333,0.33396584440227706,0.2621870882740448,0.17777777777777778,0.030753968253968252,1.0,1.0,0.9333333333333333,0.85,0.7666666666666667,0.66,0.53,0.34,0.215,0.0,0.020161290322580645,0.04032258064516129,0.056451612903225805,0.06854838709677419,0.09274193548387097,0.2661290322580645,0.4274193548387097,0.6854838709677419,0.8669354838709677,0.4843706567080663,-0.8434302624802152,0.78,0.66,0.5637583892617449,0.5276381909547738,0.4798387096774194,0.42953020134228187,0.3994252873563218,0.3778337531486146,0.3579418344519016,0.3407258064516129,-10150.0,0.4807453819452677,0.20610747871217625,0.20610747871217625,0.8774167051126974,0.7322142876228138,0.7090638269735101,1.0,1.0,0.9551895681460654,0.8950781063671097,0.828998436160208,0.712465279373682,0.5881523782021488,0.686842854719355,0.8034011499102006,0.020161290322580645,0.04032258064516129,0.05589477726574501,0.06646430077407307,0.08707724877744884,0.21365726875069765,0.30819013962339686,0.41599130091873454,0.4670743650418599,1.0,1.0,0.9333333333333333,0.85,0.7666666666666667,0.66,0.53,0.6854838709677419,0.8669354838709677,1.0,1.0,1.0,0.02329513432275033,1.0,1.0,0.02329513432275033,0.0455296493482651,10398.0,../models/Easy_PT_Scratch/eval.002.json,Easy_PT_Scratch,Easy_PT_Scratch,2.0
EPOCH 007,1.0,10646.0,248.0,248.0,0.44675212011844656,-0.8057513793054067,0.5,0.4428167273673259,1.0,1.0,0.6944444444444444,0.6808510638297872,0.5859375,0.5434782608695652,0.5020080321285141,0.4048913043478261,0.3235294117647059,0.23411764705882354,0.12549019607843137,0.033396175599245896,0.8,0.8,0.7333333333333333,0.65,0.6666666666666666,0.65,0.54,0.336,0.208,0.0,0.016129032258064516,0.03225806451612903,0.04435483870967742,0.05241935483870968,0.08064516129032258,0.2620967741935484,0.43548387096774194,0.6774193548387096,0.8387096774193549,0.44675205140243357,-0.814599302512189,0.62,0.65,0.5570469798657718,0.542713567839196,0.5,0.4664429530201342,0.42528735632183906,0.38287153652392947,0.36017897091722595,0.3387096774193548,-10150.0,0.46619491237466765,0.17420561624092282,0.17420561624092282,0.8567330844186003,0.6836451776982633,0.6976129963977724,0.8539316501572937,0.8389574121760602,0.784921574386013,0.7210985403536909,0.7149251788794986,0.6728893305404777,0.5748433741043952,0.6659191192675241,0.7691597392313856,0.01532258064516129,0.028893049155145924,0.038187182441214704,0.04397028940216546,0.0622917230204567,0.17977745820486943,0.27748370673787,0.3859054065080637,0.4292568396759916,0.8,0.8,0.7333333333333333,0.65,0.6666666666666666,0.65,0.54,0.6774193548387096,0.8387096774193549,1.0,1.0,1.0,0.02329513432275033,1.0,1.0,0.02329513432275033,0.0455296493482651,10398.0,../models/Easy_PT_Scratch/eval.007.json,Easy_PT_Scratch,Easy_PT_Scratch,7.0
EPOCH 003,1.0,10646.0,248.0,248.0,0.48251729695025847,-0.7287385102440702,0.4798387096774194,0.44636121227887626,1.0,1.0,0.8125,0.6883116883116883,0.6290322580645161,0.5102040816326531,0.48091603053435117,0.4398826979472141,0.3365570599613153,0.2822695035460993,0.15331964407939766,0.03973085549503364,1.0,0.9,0.8,0.85,0.8,0.66,0.5,0.346,0.216,0.0,0.020161290322580645,0.036290322580645164,0.04838709677419355,0.06854838709677419,0.0967741935483871,0.2661290322580645,0.4032258064516129,0.6975806451612904,0.8709677419354839,0.48251719610737953,-0.8066267617464763,0.72,0.66,0.5771812080536913,0.5025125628140703,0.4798387096774194,0.45302013422818793,0.4339080459770115,0.40302267002518893,0.3713646532438479,0.3487903225806452,-10150.0,0.4884294381429335,0.19155388446513175,0.19155388446513175,0.8746490605347389,0.7185675594023881,0.7050967853014866,1.0,0.9266360779006401,0.852214708443966,0.8769619315902867,0.834600096135923,0.7035029553960358,0.5600399599592597,0.6923695992072394,0.8037262989744176,0.020161290322580645,0.03493503584229391,0.04499473420844389,0.06177484714495975,0.08442892398469579,0.20504593373569294,0.28646749566226987,0.4180237689366806,0.4672170676668798,1.0,0.9,0.8,0.85,0.8,0.66,0.5,0.6975806451612904,0.8709677419354839,1.0,1.0,1.0,0.02329513432275033,1.0,1.0,0.02329513432275033,0.0455296493482651,10398.0,../models/Easy_PT_Scratch/eval.003.json,Easy_PT_Scratch,Easy_PT_Scratch,3.0
EPOCH 005,1.0,10646.0,248.0,248.0,0.43592745836943186,-0.8302794293623957,0.4475806451612903,0.39681971904266383,0.5,0.9333333333333333,0.7631578947368421,0.6578947368421053,0.5316455696202531,0.4811320754716981,0.41333333333333333,0.37817258883248733,0.3252336448598131,0.258777633289987,0.14150347441566646,0.04318300539787567,0.8,0.9,0.9333333333333333,0.8,0.7666666666666667,0.59,0.48,0.336,0.21,0.0,0.016129032258064516,0.036290322580645164,0.056451612903225805,0.06451612903225806,0.09274193548387097,0.23790322580645162,0.3870967741935484,0.6774193548387096,0.8467741935483871,0.4359274245656905,-0.9242732096381797,0.68,0.59,0.5234899328859061,0.4824120603015075,0.4475806451612903,0.412751677852349,0.39655172413793105,0.37531486146095716,0.3579418344519016,0.3387096774193548,-10150.0,0.44794248092121774,0.17798378489689656,0.17798378489689656,0.8452643969901102,0.6561604137381978,0.6666021203368001,0.6608397947263839,0.7799082337019199,0.8293907817213952,0.7568085242631719,0.7432174838410024,0.6170373238917227,0.5186702508648908,0.6521820653286613,0.7612952470349581,0.010954301075268817,0.028512224782386072,0.0471039153498831,0.053859716142186445,0.07583579585648374,0.17337503076626945,0.25191692515682323,0.37048850977387043,0.4181955940271762,0.8,0.9,0.9333333333333333,0.8,0.7666666666666667,0.59,0.48,0.6774193548387096,0.8467741935483871,0.0,1.0,1.0,0.02329513432275033,1.0,1.0,0.02329513432275033,0.0455296493482651,10398.0,../models/Easy_PT_Scratch/eval.005.json,Easy_PT_Scratch,Easy_PT_Scratch,5.0
EPOCH 001,1.0,10646.0,248.0,248.0,0.43301468466097465,-0.8369836377880209,0.45161290322580644,0.39724245577523465,1.0,1.0,0.6818181818181818,0.625,0.5571428571428572,0.4622222222222222,0.4261744966442953,0.3941798941798942,0.3302063789868668,0.2544757033248082,0.15741391426563597,0.03369565217391304,1.0,0.7,0.7333333333333333,0.65,0.6666666666666666,0.6,0.45,0.336,0.21,0.0,0.020161290322580645,0.028225806451612902,0.04435483870967742,0.05241935483870968,0.08064516129032258,0.24193548387096775,0.3629032258064516,0.6774193548387096,0.8467741935483871,0.4330146027898752,-0.9232084648715494,0.64,0.6,0.5369127516778524,0.4472361809045226,0.45161290322580644,0.4261744966442953,0.40229885057471265,0.3879093198992443,0.36017897091722595,0.33669354838709675,-10150.0,0.44748448188715223,0.17815351051796732,0.17815351051796732,0.8567515412751092,0.6749580728807149,0.6785020849449153,1.0,0.800693766409882,0.8028508631190002,0.735910820173228,0.7303140519532951,0.6428092016326021,0.5075097429410071,0.6620630377749345,0.7710518668582972,0.020161290322580645,0.028225806451612902,0.04045249105732977,0.04621097724750476,0.06614638179283217,0.16928759466823673,0.23452879420246017,0.3651578079101874,0.41256019696755225,1.0,0.7,0.7333333333333333,0.65,0.6666666666666666,0.6,0.45,0.6774193548387096,0.8467741935483871,1.0,1.0,1.0,0.02329513432275033,1.0,1.0,0.02329513432275033,0.0455296493482651,10398.0,../models/Easy_PT_Scratch/eval.001.json,Easy_PT_Scratch,Easy_PT_Scratch,1.0
EPOCH 009,1.0,10646.0,248.0,248.0,0.4816673606743982,-0.7305015262582508,0.5282258064516129,0.4623439125910511,1.0,1.0,0.7837837837837838,0.6285714285714286,0.6260162601626016,0.5786516853932584,0.5391304347826087,0.4570552147239264,0.3246268656716418,0.2692828146143437,0.18315617334423548,0.040735873850197106,1.0,0.9,0.8666666666666667,0.85,0.7333333333333333,0.62,0.56,0.342,0.216,0.0,0.020161290322580645,0.036290322580645164,0.05241935483870968,0.06854838709677419,0.08870967741935484,0.25,0.45161290322580644,0.6895161290322581,0.8709677419354839,0.48166726263185616,-0.7714462652805903,0.66,0.62,0.5906040268456376,0.5577889447236181,0.5282258064516129,0.4597315436241611,0.4339080459770115,0.3954659949622166,0.36465324384787473,0.34274193548387094,-10150.0,0.49372823044527503,0.19075284918280622,0.19075284918280622,0.8737895575237823,0.7147865125773563,0.7223271493093585,1.0,0.9216017310213247,0.8965754656926285,0.8804568157322552,0.793902716778981,0.6678756460617024,0.6018750402162761,0.6860471404981098,0.8024994651541051,0.020161290322580645,0.03435899897593446,0.04918724868321642,0.06309635434585499,0.07971097350496802,0.18426864436297583,0.3048331214816774,0.41470039040488055,0.4656489806463363,1.0,0.9,0.8666666666666667,0.85,0.7333333333333333,0.62,0.56,0.6895161290322581,0.8709677419354839,1.0,1.0,1.0,0.02329513432275033,1.0,1.0,0.02329513432275033,0.0455296493482651,10398.0,../models/Easy_PT_Scratch/eval.009.json,Easy_PT_Scratch,Easy_PT_Scratch,9.0
EPOCH 010,1.0,10646.0,248.0,248.0,0.45729768926020153,-0.7824207013372323,0.5080645161290323,0.4365894901144641,1.0,1.0,0.7631578947368421,0.6666666666666666,0.6044776119402985,0.5819209039548022,0.5166666666666667,0.34976525821596244,0.25663716814159293,0.17073170731707318,0.1330166270783848,0.02691556327327979,1.0,1.0,0.9333333333333333,0.85,0.7333333333333333,0.65,0.55,0.316,0.194,0.0,0.020161290322580645,0.04032258064516129,0.056451612903225805,0.06854838709677419,0.08870967741935484,0.2620967741935484,0.4435483870967742,0.6370967741935484,0.782258064516129,0.457297579118075,-0.8287619072713223,0.72,0.65,0.5906040268456376,0.5477386934673367,0.5080645161290323,0.4463087248322148,0.3936781609195402,0.35516372795969775,0.3400447427293065,0.3185483870967742,-10150.0,0.46090509709014266,0.19868844590054888,0.19868844590054888,0.86591496496757,0.7228331250484304,0.7127338043133749,1.0,1.0,0.9538948797241021,0.8941148981939211,0.8030927088630572,0.6983226716854339,0.5995192029093603,0.6510273166258336,0.7439904583658871,0.020161290322580645,0.04032258064516129,0.05558460356847454,0.06618785059733703,0.08218205683523191,0.20156814950830243,0.30926081687734447,0.3927469800991615,0.4294441299157807,1.0,1.0,0.9333333333333333,0.85,0.7333333333333333,0.65,0.55,0.6370967741935484,0.782258064516129,1.0,1.0,1.0,0.02329513432275033,1.0,1.0,0.02329513432275033,0.0455296493482651,10398.0,../models/Easy_PT_Scratch/eval.010.json,Easy_PT_Scratch,Easy_PT_Scratch,10.0
EPOCH 008,1.0,10646.0,248.0,248.0,0.4621851399337399,-0.7717897323862232,0.49193548387096775,0.4487838189386056,1.0,1.0,0.8529411764705882,0.627906976744186,0.6,0.543010752688172,0.48828125,0.45209580838323354,0.29642248722316866,0.199,0.12763532763532764,0.02331265275427712,0.8,0.9,0.8,0.85,0.8333333333333334,0.59,0.53,0.338,0.199,0.0,0.016129032258064516,0.036290322580645164,0.04838709677419355,0.06854838709677419,0.10080645161290322,0.23790322580645162,0.4274193548387097,0.6814516129032258,0.8024193548387096,0.46218504618639494,-0.8012139794819791,0.7,0.59,0.5838926174496645,0.5276381909547738,0.49193548387096775,0.47651006711409394,0.4367816091954023,0.3954659949622166,0.3668903803131991,0.3387096774193548,-10150.0,0.4736914938089958,0.18714771323055673,0.18714771323055673,0.865667555190971,0.708648492524032,0.7037119329762862,0.8687949224876582,0.914856882358379,0.8442254261679949,0.8703104857740924,0.8530284727772983,0.6485105102652979,0.5786382257460677,0.6786255657867916,0.7559939261475289,0.016129032258064516,0.03368695596518177,0.04399036223632998,0.06077047517284585,0.08748674313633295,0.181876056690599,0.29071802225649773,0.4060341447716259,0.4377030828085927,0.8,0.9,0.8,0.85,0.8333333333333334,0.59,0.53,0.6814516129032258,0.8024193548387096,1.0,1.0,1.0,0.02329513432275033,1.0,1.0,0.02329513432275033,0.0455296493482651,10398.0,../models/Easy_PT_Scratch/eval.008.json,Easy_PT_Scratch,Easy_PT_Scratch,8.0
EPOCH 004,1.0,10646.0,248.0,248.0,0.4324456458946138,-0.8382986347399778,0.4717741935483871,0.4092254162330903,1.0,1.0,0.6944444444444444,0.5747126436781609,0.5266666666666666,0.49282296650717705,0.4626865671641791,0.4037940379403794,0.3378640776699029,0.24357405140758873,0.15135135135135136,0.0340893470790378,1.0,1.0,0.8,0.7,0.6333333333333333,0.55,0.49,0.346,0.208,0.0,0.020161290322580645,0.04032258064516129,0.04838709677419355,0.056451612903225805,0.07661290322580645,0.2217741935483871,0.3951612903225806,0.6975806451612904,0.8387096774193549,0.4324455549757748,-0.893489134826962,0.56,0.55,0.5234899328859061,0.49246231155778897,0.4717741935483871,0.436241610738255,0.41379310344827586,0.3778337531486146,0.36465324384787473,0.3487903225806452,-10150.0,0.447455104900808,0.18592690136666445,0.18592690136666445,0.856930443844384,0.6751869886087218,0.6864505096598769,1.0,1.0,0.8664321433005163,0.7865479652201935,0.7212023928958673,0.6070889921614533,0.537194280321764,0.6772123553563376,0.7677788573499622,0.020161290322580645,0.04032258064516129,0.0478110599078341,0.05339255396555906,0.06727929689770872,0.15401841085893342,0.24521065230852368,0.37356278740883625,0.4126774577849707,1.0,1.0,0.8,0.7,0.6333333333333333,0.55,0.49,0.6975806451612904,0.8387096774193549,1.0,1.0,1.0,0.02329513432275033,1.0,1.0,0.02329513432275033,0.0455296493482651,10398.0,../models/Easy_PT_Scratch/eval.004.json,Easy_PT_Scratch,Easy_PT_Scratch,4.0
0.0,1.0,10646.0,248.0,248.0,0.499219866039581,-0.6947086669663832,0.5282258064516129,0.4909924557752346,1.0,1.0,0.8048780487804879,0.7083333333333334,0.6814159292035398,0.6172839506172839,0.5486725663716814,0.4810126582278481,0.37894736842105264,0.2660427807486631,0.16314639475600873,0.023455972760805827,0.6,0.7,0.7333333333333333,0.75,0.7666666666666667,0.67,0.57,0.362,0.209,0.0,0.012096774193548387,0.028225806451612902,0.04435483870967742,0.06048387096774194,0.09274193548387097,0.2701612903225806,0.4596774193548387,0.7298387096774194,0.842741935483871,0.4992197969236563,-0.7113265163255484,0.68,0.67,0.6241610738255033,0.5728643216080402,0.5282258064516129,0.4865771812080537,0.4454022988505747,0.4156171284634761,0.38478747203579416,0.3649193548387097,-10150.0,0.5157444548382459,0.18242113213093458,0.18242113213093458,0.8719405075389597,0.7133229154246427,0.7198674936845055,0.7227265726449519,0.741670249010153,0.7536446040513912,0.7620328048424053,0.7719326090760805,0.6928774990611005,0.6054325578154354,0.712482073652967,0.784932537031027,0.012096774193548387,0.022431835637480798,0.0339931238116722,0.04626120308639285,0.07141872779247997,0.1982600875141423,0.31823773894299545,0.4469193247647711,0.4790365900157757,0.6,0.7,0.7333333333333333,0.75,0.7666666666666667,0.67,0.57,0.7298387096774194,0.842741935483871,1.0,1.0,1.0,0.02329513432275033,1.0,1.0,0.02329513432275033,0.0455296493482651,10398.0,,"Pipeline(steps=[('tfidf',
                 TfidfVectorizer(max_df=0.9, max_features=50000, min_df=2,
                                 ngram_range=(1, 2), stop_words='english')),
                ('clf',
                 ClfSwitcher(estimator=RandomForestClassifier(max_depth=50,
                                                              n_estimators=1000)))])",TFIDF + ML,
